name,url,title,summary,images,infobox_data.Coordinates,infobox_data.Type,infobox_data.Height,infobox_data.Owner,infobox_data.Controlled by,infobox_data.Open tothe public,infobox_data.Condition,infobox_data.Materials,infobox_data.Demolished,infobox_data.Battles/wars,infobox_data.Pastcommanders,infobox_data.Occupants,infobox_data.Built,infobox_data.Built by,infobox_data.In use,infobox_data.Location,infobox_data.Elevation,infobox_data.Construction started,infobox_data.Completed,infobox_data.Destroyed,infobox_data.Architect(s),infobox_data.Country,infobox_data.Address,infobox_data.Town or city,infobox_data.Construction stopped,infobox_data.Current tenants,infobox_data.Client,infobox_data.Grade,infobox_data.English translation,infobox_data.Language of name,infobox_data.Parent range,infobox_data.Mountain type,infobox_data.Architectural style,infobox_data.Structural system,infobox_data.State,infobox_data.District,infobox_data.• Body,infobox_data.• Total,infobox_data.• Official,infobox_data.Time zone,infobox_data.ISO 3166 code,infobox_data.Vehicle registration,infobox_data.Website,infobox_data.Architect,infobox_data.Garrison,infobox_data.Currentcommander,infobox_data.Easiest route
Karnala Fort,https://en.wikipedia.org/wiki/Karnala_Fort,Karnala Fort,"Karnala Fort (also called Funnel Hill[1]) is a hill fort in Raigad district, Maharashtra, India, about 10 km from Panvel city. Currently it is a protected place lying within the Karnala Bird Sanctuary. It was a place of strategic importance since it overlooked the Bor pass, which connected the Konkan coast to the interior of Maharashtra (Deccan Plateau)[1] on the main trade route between these areas.
","['/static/images/icons/wikipedia.png', '/static/images/mobile/copyright/wikipedia-wordmark-en.svg', '/static/images/mobile/copyright/wikipedia-tagline-en.svg']",18°52′54″N 73°07′05″E﻿ / ﻿18.88167°N 73.11806°E﻿ / 18.88167; 73.11806,Hill fort,"439 m (1,440 ft) ASL",Government of India,"Ahmednagar sultanate, Portuguese, Marathas, British East India Company",Yes from 6am to 6pm.,Ruins,Stone,,,,,,,,,,,,,,,,,,,,,,,,,,,,,,,,,,,,,,,
Achala Fort,https://en.wikipedia.org/wiki/Achala_Fort,Achala Fort,"Achala Fort is a westernmost fort in the Satmala hill range. It is located 55 km from Nashik, in Nashik district, of Maharashtra. This fort is adjoining the Ahivant Fort. The three forts Achala, Ahivant, and Mohandar are very close by. The Achala and Mohandar forts were constructed to guard the Ahivant fort.[1] Captain Briggs has described it as a large hill, whose ascent is very easy till it reaches the top where it is very steep.[2]
","['/static/images/icons/wikipedia.png', '/static/images/mobile/copyright/wikipedia-wordmark-en.svg', '/static/images/mobile/copyright/wikipedia-tagline-en.svg']",20°25′54.2″N 73°48′54.9″E﻿ / ﻿20.431722°N 73.815250°E﻿ / 20.431722; 73.815250,Hill fort,4024Ft.,IndiaGovernment of India,"Ahmadnagar (1521-1594) Maratha Confederacy (1670-1676)Mughal Empire(1676-1754) Maratha Confederacy (1754-1818) United Kingdom
 East India Company (1818-1857)
 British Raj (1857-1947)
 India (1947-)",Yes,Ruins,Stone,,,,,,,,,,,,,,,,,,,,,,,,,,,,,,,,,,,,,,,
Ahmednagar Fort,https://en.wikipedia.org/wiki/Ahmednagar_Fort,Ahmednagar Fort,"The Ahmednagar Fort (Ahmadnagar Qilaa) is a fort located close to the Bhingar Nala near Ahmednagar in[1] Maharashtra state   western India. It was the headquarters of the Ahmednagar Sultanate. In 1803, it was taken by the British during the Second Anglo-Maratha War. It was used as a prison during the British Raj. Currently, the fort is under the administration of the Armoured Corps of the Indian Army.
","['/static/images/icons/wikipedia.png', '/static/images/mobile/copyright/wikipedia-wordmark-en.svg', '/static/images/mobile/copyright/wikipedia-tagline-en.svg']",19°05′41.3″N 74°45′19.7″E﻿ / ﻿19.094806°N 74.755472°E﻿ / 19.094806; 74.755472,Land fort,,Indian Military,"Ahmadnagar Sultanate (1562-1600)Mughal Empire (1600-1724) Hyderabad (1724-1759) Maratha Confederacy (1759-1803) United Kingdom
 East India Company (1803-1857)
 India (1857-1947)
 India (1947-)",daily 10am to 5pm,Good,"Stone, mud, clay, cement",yes,Siege of Ahmednagar,"Chand Bibi, Aurangzeb","Nana Phadanvis, Jawaharlal Nehru, Abul Kalam Azad, Sardar Patel",,,,,,,,,,,,,,,,,,,,,,,,,,,,,,,,,,,
Ahivant Fort,https://en.wikipedia.org/wiki/Ahivant_Fort,Ahivant Fort,"Ahivant Fort is a fort located 55km from Nashik, in Nashik district, of Maharashtra. This fort is an important fort in Nashik district. The three forts Achala, Ahivant, and Mohandar are very close by. The other two forts were constructed to guard the Ahivant fort.[1]
","['/static/images/icons/wikipedia.png', '/static/images/mobile/copyright/wikipedia-wordmark-en.svg', '/static/images/mobile/copyright/wikipedia-tagline-en.svg']",20°24′55.6″N 73°51′36″E﻿ / ﻿20.415444°N 73.86000°E﻿ / 20.415444; 73.86000,Hill fort,4024Ft.,IndiaGovernment of India,"Ahmadnagar (1521-1594) Maratha Confederacy (1670-1676)Mughal Empire(1676-1754) Maratha Confederacy (1754-1818) United Kingdom
 East India Company (1818-1857)
 British Raj (1857-1947)
 India (1947-)",Yes,Ruins,Stone,,,,,,,,,,,,,,,,,,,,,,,,,,,,,,,,,,,,,,,
Akluj Fort,https://en.wikipedia.org/wiki/Akluj_Fort,Akluj Fort,"Akluj Fort  ( Marathi: अकलूज  किल्ला ) is a fort located 115 km from Solapur, in Solapur district, of Maharashtra. This fort is an important fort in Solapur district. The fort restoration is done by the Shree Dinkarrao Thopte and Avinash Thopte with the help of local people. The fort is now also called Shivshrushti.[citation needed]
","['/static/images/icons/wikipedia.png', '/static/images/mobile/copyright/wikipedia-wordmark-en.svg', '/static/images/mobile/copyright/wikipedia-tagline-en.svg']",17°53′39.1″N 75°01′21.7″E﻿ / ﻿17.894194°N 75.022694°E﻿ / 17.894194; 75.022694,Hill fort,1598 Ft.,Government of India,India (1947-),Yes,Good,Stone,,,,,,,,,,,,,,,,,,,,,,,,,,,,,,,,,,,,,,,
Akola Fort,https://en.wikipedia.org/wiki/Akola_Fort,Akola Fort,"Akola fort (also called Asadgad)[citation needed] along with the Narnala and Akot forts forms the major fortifications of the Akola district, Maharashtra, India.[1]
","['/static/images/icons/wikipedia.png', '/static/images/mobile/copyright/wikipedia-wordmark-en.svg', '/static/images/mobile/copyright/wikipedia-tagline-en.svg']",20°42′22″N 76°59′24″E﻿ / ﻿20.706225°N 76.990019°E﻿ / 20.706225; 76.990019,Hill fort,,Government of India,Mughal Empire,Yes,Dilapidated,Stone,,,"Asad Khan, Arthur Wellesley",,1697,Asad Khan,,,,,,,,,,,,,,,,,,,,,,,,,,,,,,,,,
Alang Fort,https://en.wikipedia.org/wiki/Alang_Fort,Alang Fort,"Alang Fort (also known as Alangad or Alang) is a fort located in the Kalsubai range of the Western Ghats mountains, Nashik, (Maharashtra, India). Alang Fort, Madangad Fort, Kulang Fort, and the trek connecting them are known as Alang, Madan, and Kulang (AMK). Alang Fort is regarded as one of the most difficult places to reach in the region. As the Maharashtra Culture Government website notes,[1] ""Alang-Madan-Kurland is one of Maharashtra's most challenging treks, especially because of its challenging stretches of water and dense forests.""[2] This route is suitable for experienced mountaineers. While the forts are difficult to access because of heavy local rains and poorly marked trails,[3] they remain a popular tourist destination. 
","['/static/images/icons/wikipedia.png', '/static/images/mobile/copyright/wikipedia-wordmark-en.svg', '/static/images/mobile/copyright/wikipedia-tagline-en.svg']",19°34′58″N 73°39′40″E﻿ / ﻿19.5827°N 73.6612°E﻿ / 19.5827; 73.6612,Hill Fort,"4,500 feet (1,400 m)",Government of India,,Yes,Poor[citation needed],"Stone, Lead",,,,,Maratha Empire,,,,,,,,,,,,,,,,,,,,,,,,,,,,,,,,,,
Anjanvel Fort,https://en.wikipedia.org/wiki/Anjanvel_Fort,Anjanvel Fort,"Gopalgad Fort  / Anjanvel Fort (Marathi: अंजनवेल चा किल्ला/ गोपाळगड) is a fort located 51 km (32 mi) from Chiplun, in  Ratnagiri district, of Maharashtra. This fort is an important fort in Ratnagiri district. The Fort is located on a prominent and commanding point for guarding the trade route along the Vashishti River, which runs till Govalkot near Chiplun and the Dabhol port which was a busy route in medieval times. It is a fort located on a hill near the sea.
","['/static/images/icons/wikipedia.png', '/static/images/mobile/copyright/wikipedia-wordmark-en.svg', '/static/images/mobile/copyright/wikipedia-tagline-en.svg']",17°34′17.3″N 73°09′06.5″E﻿ / ﻿17.571472°N 73.151806°E﻿ / 17.571472; 73.151806,Sea fort,300 Ft.,India Government of India,"Bijapur (–1660) Maratha Confederacy (1660–1699)Janjira State (1699–1745) Maratha Confederacy (1745–1818) United Kingdom
 East India Company (1818–1857)
 British Raj (1857–1947)
 India (1947-)",Yes,Ruins,Stone,,,,,,,,,,,,,,,,,,,,,,,,,,,,,,,,,,,,,,,
Ankai Fort,https://en.wikipedia.org/wiki/Ankai_Fort,Ankai Fort,"Ankai Fort is a historic site found in the Satmala Range hills in western India.[1][2] It is located in Yeola Taluka of Nashik district in the state of Maharashtra. The fort was built by Yadava of Devgiri. Geographically, it is near Manmad. The Ankai fort and Tankai fort are two different forts on adjacent hills. A common fortification is constructed to secure both. The Ankai fort is located on a hill with perpendicular scarps on all the sides, except for a narrow nose on the eastern side.
","['/static/images/icons/wikipedia.png', '/static/images/mobile/copyright/wikipedia-wordmark-en.svg', '/static/images/mobile/copyright/wikipedia-tagline-en.svg']",20°11′14″N 74°26′51.5″E﻿ / ﻿20.18722°N 74.447639°E﻿ / 20.18722; 74.447639,Hill fort,966.22 M (3170 Ft),Government of India,"Ahmadnagar (1521-1594) Mughal Empire (1594-1739) Maratha Confederacy (1739-1818) United Kingdom
 East India Company (1818-1857)
 British Raj (1857-1947)
 India (1947-present)",Yes,In ruins,Stone,,,,,,,,,,,,,,,,,,,,,,,,,,,,,,,,,,,,,,,
Antur Fort,https://en.wikipedia.org/wiki/Antur_Fort,Antur Fort,"Antur Fort is a fort near Nagapur village  in Kannad taluka In Chhatrapati Sambhajinagar district of Maharashtra state of India.[1] This monument is protected by Maharashtra State, Archaeology Department.[2][3]
","['/static/images/icons/wikipedia.png', '/static/images/mobile/copyright/wikipedia-wordmark-en.svg', '/static/images/mobile/copyright/wikipedia-tagline-en.svg']",20°16′N 75°08′E﻿ / ﻿20.27°N 75.13°E﻿ / 20.27; 75.13,,,Government of India,,Yes,,,,,,,,,,,,,,,,,,,,,,,,,,,,,,,,,,,,,,,,,
Avandha Fort,https://en.wikipedia.org/wiki/Avandha_Fort,Avandha Fort,"Avandha Fort, or Avandha Killa (Marathi: औंढ़ा/ अवंढा  किल्ला), is a fort situated in Aundhewadi village between Nasik and Ahmadnagar in Maharashtra. This fort is close to Patta Fort. The residents of Patta Killa are known as Pattekar, meaning ""residents of Fort Patta"".
","['/static/images/icons/wikipedia.png', '/static/images/mobile/copyright/wikipedia-wordmark-en.svg', '/static/images/mobile/copyright/wikipedia-tagline-en.svg']",19°44′46.8″N 73°50′13.8″E﻿ / ﻿19.746333°N 73.837167°E﻿ / 19.746333; 73.837167,Hill fort,4400 Ft.,Mughal Empire (1688-1761)Maratha Empire (1761-1818)British Empire (1818-1947)Government of India (1947-),,Yes,Ruins,Stone,,,,,,,,,,,,,,,,,,,,,,,,,,,,,,,,,,,,,,,
Bahadur Fort,https://en.wikipedia.org/wiki/Bahadur_Fort,Bahadur Fort,"Bahadurgad (Marathi: बहादूरगड, ""Bahadur Fort"") is a fort in the Pedgaon village of Ahmednagar district in Maharashtra, India.
","['/static/images/icons/wikipedia.png', '/static/images/mobile/copyright/wikipedia-wordmark-en.svg', '/static/images/mobile/copyright/wikipedia-tagline-en.svg']",18°30′28.63″N 74°42′14.88″E﻿ / ﻿18.5079528°N 74.7041333°E﻿ / 18.5079528; 74.7041333,Land fort,503 mt above msl,Government of India,"Maratha Empire (till 1637)Maratha Empire (1759-1818)   United Kingdom
 East India Company (1818-1857)
 British Raj (1857-1947)
 India (1947-)",Yes,Ruins,Stone,,,,,,,,,,,,,,,,,,,,,,,,,,,,,,,,,,,,,,,
Balapur Fort,https://en.wikipedia.org/wiki/Balapur_Fort,Balapur Fort,"Balapur Fort is a Mughal fortress in the town of Balapur in the Akola district of India. Construction on the fort was started by Mirza Azam Shah, the son of Emperor Aurangzeb and it was completed by Ismaeel Khan, the Nawab of Elichpur in 1757. The chhatri of Raja Man Singh I, a canopy constructed by Mirza Raja Jaisingh, has an area of 25 square feet and a height of 33 feet. Its foundations were heavily damaged in a great flood called the 'dhvdya pur' which occurred more than 100 years ago, but after some years the damage was repaired at a cost of Rs 3,000 received from Jaipur.
","['/static/images/icons/wikipedia.png', '/static/images/mobile/copyright/wikipedia-wordmark-en.svg', '/static/images/mobile/copyright/wikipedia-tagline-en.svg']",20°40′13″N 76°46′25″E﻿ / ﻿20.670309°N 76.773700°E﻿ / 20.670309; 76.773700,Hill fort,,Government of India,Mughal Empire,Yes,Preserved,Stone,,,"Azam Shah, Ismail Khan (the Nawab of Ellichpur)[1]",,1721–1757 AD,"Azam Shah, Mughal Empire",Yes (Few government offices),,,,,,,,,,,,,,,,,,,,,,,,,,,,,,,,
Ballarpur Fort,https://en.wikipedia.org/wiki/Ballarpur_Fort,Ballarpur Fort,"Ballarpur Fort (earlier called Ballarshah Fort) is an ancient fort in Chandrapur district, Maharashtra, India. It is located in the Ballarpur city, on the east banks of the Wardha River.
","['/static/images/icons/wikipedia.png', '/static/images/mobile/copyright/wikipedia-wordmark-en.svg', '/static/images/mobile/copyright/wikipedia-tagline-en.svg']",19°51′03.01″N 79°20′30.75″E﻿ / ﻿19.8508361°N 79.3418750°E﻿ / 19.8508361; 79.3418750,Land fort,,Government of India,"Maratha Confederacy (1739-1818) United Kingdom
 East India Company (1818-1857)
 British Raj (1857-1947)",Yes,Ruins,Stone,,,,,,,,,,,,,,,,,,,,,,,,,,,,,,,,,,,,,,,
Belapur Fort,https://en.wikipedia.org/wiki/Belapur_Fort,Belapur Fort,"Belapur Fort is a fort near the township of Belapur in Navi Mumbai, Maharashtra, India. The fort was built by the Siddis of Janjira. It was later conquered by the Portuguese, and then Marathas. In the early 19th century, the fort was captured by the British. After the British gained supremacy in the region, with the expansion of the Bombay Presidency, the strategic importance of the fort declined, and it fell into disuse.
","['/static/images/icons/wikipedia.png', '/static/images/mobile/copyright/wikipedia-wordmark-en.svg', '/static/images/mobile/copyright/wikipedia-tagline-en.svg']",19°00′20″N 73°01′42″E﻿ / ﻿19.005524°N 73.028403°E﻿ / 19.005524; 73.028403,Fort,,CIDCO,,,,,,,,,,,,"Belapur, Navi Mumbai",27 m (89 ft),1560,1570,1817,Shazada Wal jah bahadur,,,,,,,,,,,,,,,,,,,,,,,,,,
Bhavangad Fort,https://en.wikipedia.org/wiki/Bhavangad_Fort,Bhavangad Fort,"Bhavani Gad Fort   (Marathi: भवानगड  किल्ला, Hindi: भवानी गड क़िला, transliteration: Bhavа̄ngad Killa) is a fort located at Saphale - Madhukar Nagar 3 km from village Kelve, in Palghar district, of Maharashtra. This fort is in very dilapidated condition. The outer walls, steps, parapets, bastions etc. were built without using limestone at many places. This fort was built to by Shrimant Chimaji Appa Peshave to capture the Fort Bassein by Maratha Army.
","['/static/images/icons/wikipedia.png', '/static/images/mobile/copyright/wikipedia-wordmark-en.svg', '/static/images/mobile/copyright/wikipedia-tagline-en.svg']",19°35′03.4″N 72°44′47.9″E﻿ / ﻿19.584278°N 72.746639°E﻿ / 19.584278; 72.746639,Sea Fort,165 ft,Government of India,"Maratha Confederacy (1737-1818) United Kingdom
 East India Company (1818-1857)
 British Indian Empire (1857-1947)
 India (1947-)",Yes,Ruins,Black Basalt Stone,,,,,,,,,,,,,,,,,,,,,,,,,,,,,,,,,,,,,,,
Bhupatgad Fort,https://en.wikipedia.org/wiki/Bhupatgad_Fort,Bhupatgad Fort," Bhupatgad Fort is a fort in Palghar district in the Jawhar taluka in  Maharashtra state of India.
","['/static/images/icons/wikipedia.png', '/static/images/mobile/copyright/wikipedia-wordmark-en.svg', '/static/images/mobile/copyright/wikipedia-tagline-en.svg']",19°49′8.14″N 73°17′36.87″E﻿ / ﻿19.8189278°N 73.2935750°E﻿ / 19.8189278; 73.2935750,Hill fort,1600 fts above msl,Government of India,,Yes,Ruins,Stone,,,,,,,,,,,,,,,,,,,,,,,,,,,,,,,,,,,,,,,
Chandan Fort,https://en.wikipedia.org/wiki/Chandan_Fort,Chandan Fort,"Chandan Fort is located in Satara District. This fort is situated on a hilly spur from the main ridge of Sahyadri. This fort is frequently visited by trekkers and pilgrims. The villages at the base are rich in sugarcane and other cultivation. The Chandan and Vandan are adjacent forts. The trek to both the fort can easily be completed in a day.
","['/static/images/icons/wikipedia.png', '/static/images/mobile/copyright/wikipedia-wordmark-en.svg', '/static/images/mobile/copyright/wikipedia-tagline-en.svg']",17°50′50.7″N 74°02′41.3″E﻿ / ﻿17.847417°N 74.044806°E﻿ / 17.847417; 74.044806,Hill fort,3800Ft.,Government of India,,Yes,Ruins,Stone,,,,,,,,,,,,,,,,,,,,,,,,,,,,,,,,,,,,,,,
Chauler Fort,https://en.wikipedia.org/wiki/Chauler_Fort,Chauler Fort,"Chauler Fort is a small fort located 100 kilometres (62 mi) north of Nashik, in the Indian state of Maharashtra. This fort can be visited in a day from Nashik. The nearest town is Satana.
","['/static/images/icons/wikipedia.png', '/static/images/mobile/copyright/wikipedia-wordmark-en.svg', '/static/images/mobile/copyright/wikipedia-tagline-en.svg']",20°34′31″N 74°06′00″E﻿ / ﻿20.575155°N 74.099934°E﻿ / 20.575155; 74.099934,HillFort,3700 feet,Govt. of India,"Maratha Confederacy (   -1818)  United Kingdom
 East India Company (1818-1857)
 British Raj (1857-1947)
 India (1947-)",Yes,Ruins,Stone,,,,,,,,,,,,,,,,,,,,,,,,,,,,,,,,,,,,,,,
Daulatabad Fort,https://en.wikipedia.org/wiki/Daulatabad_Fort,Daulatabad Fort,"Daulatabad Fort originally Deogiri Fort, is a historic fortified citadel located in Daulatabad village near Chhatrapati Sambhaji Nagar, Maharashtra, India. It was the capital of the Yadavas (9th century – 14th century CE), for a brief time the capital of the Delhi Sultanate (1327–1334), and later a secondary capital of the Ahmadnagar Sultanate (1499–1636).[1][2][3][4][5]
","['/static/images/icons/wikipedia.png', '/static/images/mobile/copyright/wikipedia-wordmark-en.svg', '/static/images/mobile/copyright/wikipedia-tagline-en.svg']",19°56′34″N 75°12′47″E﻿ / ﻿19.942724°N 75.213164°E﻿ / 19.942724; 75.213164,,,,,,,,,,,,,,,,,,1600s,,,India,,,,,,,,,,,,,,,,,,,,,,,,,
Dermal Fort,https://en.wikipedia.org/wiki/Dermal_Fort,Dermal Fort,"Dermal Fort  (Marathi: डेरमाळ किल्ला, Hindi: डेरमाल क़िला, transliteration: Dermal Qilа̄)is a fort located 125 mi (201 km) from Nashik, in the Nashik district of Maharashtra, India. Though this fort is an important fort in Nashik district, it is less visited by trekkers. In Satana taluka, there are four forts in a line on the Galna hill range, the Pisola fort, Dermal fort, Kankrala fort and Galna fort. This fort is easy to climb but requires two hour to reach the fort. There are very few remains of old buildings on the fort.
","['/static/images/icons/wikipedia.png', '/static/images/mobile/copyright/wikipedia-wordmark-en.svg', '/static/images/mobile/copyright/wikipedia-tagline-en.svg']",20°51′08.1″N 74°17′05.7″E﻿ / ﻿20.852250°N 74.284917°E﻿ / 20.852250; 74.284917,Hill fort,"3,700 ft (1,100 m)",Government of India,,Yes,Ruins,Stone,,,,,,,,,,,,,,,,,,,,,,,,,,,,,,,,,,,,,,,
Dongri Fort,https://en.wikipedia.org/wiki/Dongri_Fort,Dongri Fort,"The Dongri Fort or the Dongri Hill Fort, locally known as the Janjire Dhavari Fort, is a fort in Mumbai, India.[1] It is located in the Dongri area. It came under Maratha rule in 1739. Since then the locals and the church have been looking after the maintenance of the Fort, which was once repaired. Every year, during the month of October, the feast of Our Lady of Fatima is celebrated there. Many People from far off villages come to offer their prayers there. One can take a 360 degree view of the surroundings from this fort, with the Arabian Sea at the West, the Vasai Fort at the North, the Borivali National Park at the East, and the Essel World and Water Kingdom at the South.[2][3]
","['/static/images/icons/wikipedia.png', '/static/images/mobile/copyright/wikipedia-wordmark-en.svg', '/static/images/mobile/copyright/wikipedia-tagline-en.svg']",,,,,,,,,,,,,,,,,,,,,,,,,,,,,,,,,,,,,,,,,,,,,,,
Dronagiri Fort,https://en.wikipedia.org/wiki/Dronagiri_Fort,Dronagiri Fort,"Dronagiri Fort is a fort in Navi Mumbai's Raigad district, Maharashtra, India.
","['/static/images/icons/wikipedia.png', '/static/images/mobile/copyright/wikipedia-wordmark-en.svg', '/static/images/mobile/copyright/wikipedia-tagline-en.svg']",18°52′01″N 72°56′09.3″E﻿ / ﻿18.86694°N 72.935917°E﻿ / 18.86694; 72.935917,Hill fort,,Government of India,,Yes,Ruins,Stone,1818,,,,Unknown,,,,,,,,,,,,,,,,,,,,,,,,,,,,,,,,,,
Durgadi Fort,https://en.wikipedia.org/wiki/Durgadi_Fort,Durgadi Fort,"Durgadi Fort is a fort located in Kalyan, near Mumbai in Maharashtra, India.
","['/static/images/icons/wikipedia.png', '/static/images/mobile/copyright/wikipedia-wordmark-en.svg', '/static/images/mobile/copyright/wikipedia-tagline-en.svg']",19°14′43″N 73°07′07″E﻿ / ﻿19.2454°N 73.1186°E﻿ / 19.2454; 73.1186,Fort,,,,,,,,,,,,,,,,,,,,India,"Dudh Naka, Kalyan West, Kalyan, Maharashtra 421301","Kalyan, Maharashtra",1694 AD,,,,,,,,,,,,,,,,,,,,,,
Fort George,"https://en.wikipedia.org/wiki/Fort_George,_Bombay","Fort George, Mumbai","Fort George was an extension to the fortified walls of Bombay (now Mumbai) built in 1769, located in the Fort area to which it lent its name.
","['/static/images/icons/wikipedia.png', '/static/images/mobile/copyright/wikipedia-wordmark-en.svg', '/static/images/mobile/copyright/wikipedia-tagline-en.svg']",18°56′27″N 72°50′15″E﻿ / ﻿18.94090°N 72.83759°E﻿ / 18.94090; 72.83759,Fort,,,,,,,,,,,,,,"Fort, Mumbai",13 m (43 ft),,1769,1862,,,,,,St George Hospital,British,,,,,,,,,,,,,,,,,,,,
Ghodbunder Fort,https://en.wikipedia.org/wiki/Ghodbunder_Fort,Ghodbunder Fort,"Ghodbunder Fort is a fort located in Ghodbunder Village, Thane, Maharashtra, India, on the hill just south of the Ulhas River. It was built by the Portuguese and then occupied by the Maratha Empire, before being used as the East India Company's district headquarters. The place was called Ghodbunder because it was where the Portuguese used to trade for ghode (horses) with the Arabs. Hence the name Ghodbunder: ghode (horses) & bunder (port).
","['/static/images/icons/wikipedia.png', '/static/images/mobile/copyright/wikipedia-wordmark-en.svg', '/static/images/mobile/copyright/wikipedia-tagline-en.svg']",19°17′46″N 72°53′18″E﻿ / ﻿19.2962°N 72.8883°E﻿ / 19.2962; 72.8883,Fortress,,", Maharashtra",,Yes,,,,,,,c.1550-1730,Portuguese,,,,,,,,,,,,,,,,,,,,,,,,,,,,,,,,,
Ghosalegad Fort,https://en.wikipedia.org/wiki/Ghosale_gad,Ghosalegad Fort,"Ghosalegad Fort is located 8  km south of the Roha town on Roha-Bhalgaon-Murud road. This fort is in form of a narrow strip 20mt in width. This fort has a small hill with a narrow spur guarded by fortification. This fort served to keep watch on the enemy and the trade route from Maval to the sea ports around
","['/static/images/icons/wikipedia.png', '/static/images/mobile/copyright/wikipedia-wordmark-en.svg', '/static/images/mobile/copyright/wikipedia-tagline-en.svg']",18°21′51.1″N 73°05′25.6″E﻿ / ﻿18.364194°N 73.090444°E﻿ / 18.364194; 73.090444,Hill fort,260 M (850ft),Government of India,,Yes,Ruins,Stone,,,,,,,,,,,,,,,,,,,,,,,,,,,,,,,,,,,,,,,
Jaigad Fort,https://en.wikipedia.org/wiki/Jaigad_Fort,Jaigad Fort,"Jaigad Fort(Marathi: जयगड किल्ला, Jayagaḍa killā) (Also transliterated as Zyghur in old British records.[2]) is a coastal fortification that is located at the tip of a peninsula in Jaigad, Ratnagiri District at a distance of 14 km from the temple town of Ganpatipule, in the state of Maharashtra, India. Nestled on a cliff, it overlooks a bay formed where the Shastri river enters the Arabian Sea.[3]
It has a commanding view of the bay, the nearby power plant and the open sea. A jetty port Angrey, and a lighthouse is located nearby. Although in ruins, most of the fort's outer wall and ramparts still stand. A deep moat surrounds  the fort side not facing the cliff edge. In the middle of the 13 acre fort lies the palace of Kanhoji Angre, a Ganpati temple and wells to store water. It is a protected monument.[4]
","['/static/images/icons/wikipedia.png', '/static/images/mobile/copyright/wikipedia-wordmark-en.svg', '/static/images/mobile/copyright/wikipedia-tagline-en.svg']",17°18′03″N 73°13′17″E﻿ / ﻿17.3007°N 73.2215°E﻿ / 17.3007; 73.2215,Coastal Fortification,,,"Bijapur Konkan Pirates Sangameshwar Maratha Confederacy (1713-1818) United Kingdom
 East India Company (1818-1857)
 India (1857-1947)
 India (1947-)[1]",Yes,Protected Ruins,,,,,,,"Presumed to be Sultan of Bijapur, strengthened by Kanhoji Angre",,,,,,,,,,,,,,,,,,,,,,,,,,,,,,,,,
Kaldurg Fort,https://en.wikipedia.org/wiki/Kaldurg_Fort,Kaldurg Fort,"Kaldurg Fort is east of Palghar, Maharashtra, India, in the Sahyadri mountain range of northern Konkan. Its height is at least 475 meters above sea level,[1] giving views of the Arabian Sea and the industrial town of Palghar to the west, as well as views of the Surya River, to the east.
","['/static/images/icons/wikipedia.png', '/static/images/mobile/copyright/wikipedia-wordmark-en.svg', '/static/images/mobile/copyright/wikipedia-tagline-en.svg']",19°41′28.7″N 72°49′01.2″E﻿ / ﻿19.691306°N 72.817000°E﻿ / 19.691306; 72.817000,fort,"475 metres (1,558 ft)",,,yes,,,,,,,,,,,,,,,,,,,,,,,,,,,,,,,,,,,,,,,,,
Kamandurg Fort,https://en.wikipedia.org/wiki/Kamandurg_Fort,Kamandurg Fort,"Kamandurg Fort, Maharashtra, lies on Vasai-Bhiwandi Road in India. Not much is known about the fort.  It can be reached by foot in approximately 3 hours from the nearby village of Devkundi.[1]
","['/static/images/icons/wikipedia.png', '/static/images/mobile/copyright/wikipedia-wordmark-en.svg', '/static/images/mobile/copyright/wikipedia-tagline-en.svg']",,,,,,,,,,,,,,,,,,,,,,,,,,,,,,,,,,,,,,,,,,,,,,,
Kandhar Fort,https://en.wikipedia.org/wiki/Kandhar_Fort,Kandhar Fort,"Kandhar Fort or Kandhar Khilla is a fort located in Kandhar,  Nanded district in the state of Maharashtra, India.[2] Its construction attributed to the Rashtrakuta King Krishna III of Malkhed.[3]
","['/static/images/icons/wikipedia.png', '/static/images/mobile/copyright/wikipedia-wordmark-en.svg', '/static/images/mobile/copyright/wikipedia-tagline-en.svg']",18°54′02″N 77°12′05″E﻿ / ﻿18.9005°N 77.2014°E﻿ / 18.9005; 77.2014,Fort,"410 metres (1,350 ft)",Government of India,Government of Maharashtra,Yes,good,"Black Stones,Cement",,,,,939-967[1],Krishna III,,,,,,,,,,,,,,,,,,,,,,,,,,,,,,,,,
Kanchana Fort,https://en.wikipedia.org/wiki/Kanchana_Fort,Kanchana Fort,"Kanchana Fort is a hill fort in the Nashik district of Maharashtra. The fort is located in the Ajantha-Saatmal Mountain range.[1] The height of the hill in which the fort is located is 1368m or 4490 ft. Kalwan is the name of the village where the hill is situated.[2]
","['/static/images/icons/wikipedia.png', '/static/images/mobile/copyright/wikipedia-wordmark-en.svg', '/static/images/mobile/copyright/wikipedia-tagline-en.svg']",,,,,,,,,,,,,,,,,,,,,,,,,,,,,,,,,,,,,,,,,,,,,,,
Karnala Fort,https://en.wikipedia.org/wiki/Karnala_Fort,Karnala Fort,"Karnala Fort (also called Funnel Hill[1]) is a hill fort in Raigad district, Maharashtra, India, about 10 km from Panvel city. Currently it is a protected place lying within the Karnala Bird Sanctuary. It was a place of strategic importance since it overlooked the Bor pass, which connected the Konkan coast to the interior of Maharashtra (Deccan Plateau)[1] on the main trade route between these areas.
","['/static/images/icons/wikipedia.png', '/static/images/mobile/copyright/wikipedia-wordmark-en.svg', '/static/images/mobile/copyright/wikipedia-tagline-en.svg']",18°52′54″N 73°07′05″E﻿ / ﻿18.88167°N 73.11806°E﻿ / 18.88167; 73.11806,Hill fort,"439 m (1,440 ft) ASL",Government of India,"Ahmednagar sultanate, Portuguese, Marathas, British East India Company",Yes from 6am to 6pm.,Ruins,Stone,,,,,,,,,,,,,,,,,,,,,,,,,,,,,,,,,,,,,,,
Kelve Fort,https://en.wikipedia.org/wiki/Kelve_Fort,Kelve Fort,"Kelve Fort, or Kelva Fort (Marathi: केळवे किल्ला), is a fort in the Thane district of Maharashtra, located 12.5 km from Palghar. This fort is amidst the Casuarina plantation on the Kelwa Beach. This fort is in ruined condition. The outer walls, steps, parapets, bastions etc are still of solid masonry are in excellent order and worth seeing. The half of the fort is below the sandy beach level. The fort is located in the Mangelwada of Kelve village. There is a small Kelve pankot on the mouth of the Kelve creek.
","['/static/images/icons/wikipedia.png', '/static/images/mobile/copyright/wikipedia-wordmark-en.svg', '/static/images/mobile/copyright/wikipedia-tagline-en.svg']",19°37′05.1″N 72°43′41.8″E﻿ / ﻿19.618083°N 72.728278°E﻿ / 19.618083; 72.728278,Sea Fort,at MSL,Government of India,"Portugal (1594) Maratha Confederacy (1739-1818) United Kingdom
 East India Company (1818-1857)
 British Raj (1857-1947)
 India (1947-)",Yes,Ruins,Black Basalt Stone,,,,,,,,,,,,,,,,,,,,,,,,,,,,,,,,,,,,,,,
Kolaba Fort,https://en.wikipedia.org/wiki/Kolaba_Fort,Kolaba Fort,"Kolaba Fort located at Alibag beach is an old fortified maritime base in Alibag, Konkan, India. It is situated in the sea at a distance of 1–2 km from the shores of Alibag, 35 km south of Mumbai, in the Konkan region of Maharashtra, India. It is a popular tourist destination and a protected monument.[1]
","['/static/images/icons/wikipedia.png', '/static/images/mobile/copyright/wikipedia-wordmark-en.svg', '/static/images/mobile/copyright/wikipedia-tagline-en.svg']",18°38′04″N 72°51′51″E﻿ / ﻿18.6344°N 72.8642°E﻿ / 18.6344; 72.8642,,sea level,,Indian Govt.,Yes,Fairly good,stone,,,,Nil,,,,,,,,,,,,,,,,,,,,,,,,,,,,,,,,,,,
Koldher Fort,https://en.wikipedia.org/wiki/Koldher_Fort,Koldher Fort,"Koldher Fort is a fort located 11.26 km (7.00 mi) from chandwad, Nashik district, of Maharashtra. This fort is close to the Rajdher fort and lies westwards. It requires about 1-2 hours to reach the fort from Rajdher.
","['/static/images/icons/wikipedia.png', '/static/images/mobile/copyright/wikipedia-wordmark-en.svg', '/static/images/mobile/copyright/wikipedia-tagline-en.svg']",20°22′42.5″N 74°10′12.3″E﻿ / ﻿20.378472°N 74.170083°E﻿ / 20.378472; 74.170083,Hill fort,,Government of India,"Maratha Confederacy (1752-1818) United Kingdom
 East India Company (1818-1857)
 British Raj (1857-1947)
 India (1947-)",Yes,Ruins,Stone,,,,,,,,,,,,,,,,,,,,,,,,,,,,,,,,,,,,,,,
Konkan Diva Fort,https://en.wikipedia.org/wiki/Konkan_Diva_Fort,Konkan Diva Fort,"Konkandiva Fort (transliteration: Konkandiva Qilа̄) is a fort located 70 km from Pune in Maharashtra. This fort is on the boundary of Raigad and Pune district. The fort was important as a surveillance fort to keep watch on the possible attack on the Raigad fort  through Ghol Village side along the Mutha river.[1]
","['/static/images/icons/wikipedia.png', '/static/images/mobile/copyright/wikipedia-wordmark-en.svg', '/static/images/mobile/copyright/wikipedia-tagline-en.svg']",18°17′39.2″N 73°25′21.8″E﻿ / ﻿18.294222°N 73.422722°E﻿ / 18.294222; 73.422722,Hill fort,2953 Ft.,Government of India,"Maratha Confederacy (1739–1818) United Kingdom
 East India Company (1818–1857)
 British Raj (1857–1947)
 India (1947-)",Yes,Ruins,Stone,,,,,,,,,,,,,,,,,,,,,,,,,,,,,,,,,,,,,,,
Korlai Fort,https://en.wikipedia.org/wiki/Korlai_Fort,Korlai Fort,"Korlai Fort is a colonial fort in the Raigad district of Maharashtra, India.[2] Formerly a part of Chaul in Portuguese India,[3] the structure is a specimen of Portuguese colonial architecture.[2] It was built as a companion to the fort at Chaul, at this strategic position the Portuguese could use it to defend their province which stretched from Korlai to the Fort Bassein.[4] Vestiges of the Portuguese occupation are manifested in the distinct dialect of the Korlai villages inhabitants which is a Luso-Indian creole called Korlai Portuguese Creole.
","['/static/images/icons/wikipedia.png', '/static/images/mobile/copyright/wikipedia-wordmark-en.svg', '/static/images/mobile/copyright/wikipedia-tagline-en.svg']",18°32′9″N 72°54′29″E﻿ / ﻿18.53583°N 72.90806°E﻿ / 18.53583; 72.90806,Island fort,,Government of India,"Ahmadnagar (1521-1594) Portugal (1594-1739) Maratha Confederacy (1739-1818) United Kingdom
 East India Company (1818-1857)
 British Raj (1857-1947)
 India (1947-)",Yes,Ruins,Stone,1594,,,,1521,Dom Filipe Mascarenhas,,,,,,,,,,,,,,,,,,,,,,,,,,,,,,,,,
Kulang Fort,https://en.wikipedia.org/wiki/Kulang_Fort,Kulang Fort,"Kulang fort (कुलंग गड ) is located in the Igatpuri area of Nashik district, on the western side of the Kalsubai hill range. This fort is adjacent to the Madangad and Alang forts, all of which were constructed to protect the Nashik-Kalyan ancient commercial road.
","['/static/images/icons/wikipedia.png', '/static/images/mobile/copyright/wikipedia-wordmark-en.svg', '/static/images/mobile/copyright/wikipedia-tagline-en.svg']",19°35′30.1″N 73°38′21.4″E﻿ / ﻿19.591694°N 73.639278°E﻿ / 19.591694; 73.639278,Hill fort,4825 feet[1][2],Government of India,,Yes,Ruins,Stone,,,,,Satvahan Era,,,,,,,,,,,,,,,Tough,,,,,,,,,,,,,,,,,,,
Madangad Fort,https://en.wikipedia.org/wiki/Madangad_Fort,Madangad Fort,"Madangad is a fort in the Nashik region of Maharashtra, India in the Kalsubai range.
","['/static/images/icons/wikipedia.png', '/static/images/mobile/copyright/wikipedia-wordmark-en.svg', '/static/images/mobile/copyright/wikipedia-tagline-en.svg']",19°35′23″N 73°38′57″E﻿ / ﻿19.5896°N 73.6492°E﻿ / 19.5896; 73.6492,,,,,,,,,,,,,,,"Ambewadi, Maharashtra, India",4900 ft,,,,,,,,,,,,मदनगड,Marathi,Western Ghats,Hill Fort,,,,,,,,,,,,,,,
Madh Fort,https://en.wikipedia.org/wiki/Madh_Fort,Madh Island,"Madh Island (Marathi pronunciation: [məɖʱ]) is a group of several quaint fishing villages and farmlands in northern Mumbai.
","['/static/images/icons/wikipedia.png', '/static/images/mobile/copyright/wikipedia-wordmark-en.svg', '/static/images/mobile/copyright/wikipedia-tagline-en.svg']",19°07′56″N 72°47′41″E﻿ / ﻿19.132283°N 72.794785°E﻿ / 19.132283; 72.794785,Fort,,Indian Air Force,,,,,,,,,,,,"Malad, Mumbai",,,,,,,,,,,,,,,,,Portuguese Colonial,,,,,,,,,,,,,,
Mahim Fort,https://en.wikipedia.org/wiki/Mahim_Fort,Mahim Fort,"The Mahim Fort (Marathi: माहीम किल्ला) is a fort in Mahim in Mumbai, Maharashtra state, India.[2] Strategically located in the Mahim Bay, the fort overlooks Worli to the south, Bandra to the north, and Mahim to the east. The origins of the fort are unclear, but it occupies a strategic location that has been frequently contested.  The fort is currently in disrepair, suffering from administrative neglect, encroachment of slums, and exposure to tidal erosion.
","['/static/images/icons/wikipedia.png', '/static/images/mobile/copyright/wikipedia-wordmark-en.svg', '/static/images/mobile/copyright/wikipedia-tagline-en.svg']",19°02′23″N 72°50′16″E﻿ / ﻿19.039848°N 72.837768°E﻿ / 19.039848; 72.837768,Fort,,Government of Maharashtra[1],,,,,,,,,,,,"Mahim, Mumbai",1 m (3 ft 3 in),,16th century,,,,,,,Encroachments,Portuguese,,,,,,,Deccan-trap basalt,,,,,,,,,,,,,
Mahur Fort,https://en.wikipedia.org/wiki/Mahur_Fort,Mahur Fort,"Mahurgad Fort  (Marathi: माहूरगड) is a fort located 130 km (81 mi) from Nanded. The fort is in Mahur taluka in Nanded district, of Maharashtra. It is a pilgrimage centre of great significance to Hindus. It is the seat of goddess Renukadevi which is a shrine of shaktipeeth. The temple of goddess is situated 2 km from the village Mahur.[1]
","['/static/images/icons/wikipedia.png', '/static/images/mobile/copyright/wikipedia-wordmark-en.svg', '/static/images/mobile/copyright/wikipedia-tagline-en.svg']",19°50′09.5″N 77°55′32.5″E﻿ / ﻿19.835972°N 77.925694°E﻿ / 19.835972; 77.925694,Hill fort,2650 Ft,Government,"gond kingdom Bahmani Sultanate (1358-1527)Ahmadnagar Sultanate (1527-1617)Mughal Empire(1617-1670) Maratha Confederacy (1670-1689)Mughal Empire(1689-1724)Nizam of Hyderabad(1724-1948)
 India (1947-)",Yes,Ruined,Basalt Stone,,,,,,,,,,,,,,,,,,,,,,,,,,,,,,,,,,,,,,,
Manaranjan Fort,https://en.wikipedia.org/wiki/Manaranjan_Fort,Manaranjan Fort,"Manaranjan fort is one of the two hill forts that constitute the Rajmachi fortification, the other being Shrivardhan Fort.[1] It is located in Rajmachi village which 8.5 km from Lonavala in the Sahyadris mountain range. Manaranjan fort is 2700 feet high which makes it lower than the neighbouring Shreevardhan fort. It has three gates and large ramparts. From here Karnala fort can be seen.[2] There are some water tanks at the summit.
","['/static/images/icons/wikipedia.png', '/static/images/mobile/copyright/wikipedia-wordmark-en.svg', '/static/images/mobile/copyright/wikipedia-tagline-en.svg']",,,,,,,,,,,,,,,,,,,,,,,,,,,,,,,,,,,,,,,,,,,,,,,
Mangad Fort,https://en.wikipedia.org/wiki/Mangad_Fort,Mangad Fort,"Mangad Fort is a survey fort which is situated in Borwadi, an area near Mashidwadi in Mangaon, a taluka in Raigad district in the Indian state of Maharashtra.[1] The fort is made sacred by the footsteps of the founder of Hindavi Swaraj, the famous Maratha king Chhatrapati Shivaji Maharaja. Mangaon is situated about 150 km from Mumbai.
","['/static/images/icons/wikipedia.png', '/static/images/mobile/copyright/wikipedia-wordmark-en.svg', '/static/images/mobile/copyright/wikipedia-tagline-en.svg']",18°18′43.3″N 73°21′04″E﻿ / ﻿18.312028°N 73.35111°E﻿ / 18.312028; 73.35111,Hill fort,750 ft(234m),Government of India,,Yes,Ruins,Stone,,,,,,,,,,,,,,,,,,,,,,,,,,,,,,,,,,,,,,,
Fort Mangad,https://en.wikipedia.org/wiki/Fort_Mangad,Mangad Fort,"Mangad Fort is a survey fort which is situated in Borwadi, an area near Mashidwadi in Mangaon, a taluka in Raigad district in the Indian state of Maharashtra.[1] The fort is made sacred by the footsteps of the founder of Hindavi Swaraj, the famous Maratha king Chhatrapati Shivaji Maharaja. Mangaon is situated about 150 km from Mumbai.
","['/static/images/icons/wikipedia.png', '/static/images/mobile/copyright/wikipedia-wordmark-en.svg', '/static/images/mobile/copyright/wikipedia-tagline-en.svg']",18°18′43.3″N 73°21′04″E﻿ / ﻿18.312028°N 73.35111°E﻿ / 18.312028; 73.35111,Hill fort,750 ft(234m),Government of India,,Yes,Ruins,Stone,,,,,,,,,,,,,,,,,,,,,,,,,,,,,,,,,,,,,,,
Markanda Fort,https://en.wikipedia.org/wiki/Markanda_Fort,Markanda Fort,"Markandya Fort/Markinda Fort/ Markanda fort  (Marathi: मार्कंड्या किल्ला, Hindi: मार्कंड्या क़िला, transliteration: Markandeya Qilа̄) is a fort located 52 km (32 mi)from Nashik, Nashik district, of Maharashtra. The base village is Mulane on the Wani-Kalwan Link Road. The nearest town is Wani, which is 5.5 km from Mulane village. This fort is opposite the  holy Saptashringi hill..
","['/static/images/icons/wikipedia.png', '/static/images/mobile/copyright/wikipedia-wordmark-en.svg', '/static/images/mobile/copyright/wikipedia-tagline-en.svg']",20°23′05.5″N 73°55′39.9″E﻿ / ﻿20.384861°N 73.927750°E﻿ / 20.384861; 73.927750,Hill fort,4383 Ft,Government of India,"Maratha Confederacy (1670-1818) United Kingdom
 East India Company (1818-1857)
 British Raj (1857-1947)
 India (1947-)",Yes,Ruins,Stone,,,,,,,,,,,,,,,,,,,,,,,,,,,,,,,,,,,,,,,
Mazagon Fort,https://en.wikipedia.org/wiki/Mazagon_Fort,Mazgaon Fort,"The Mazagaon Fort was a British fort in Mazagaon, Bombay (present-day Mumbai), in the Indian state of Maharashtra, built around 1680. The fort was razed by the Muslim Koli general, Yakut Khan in June 1690.[1][2][3][4] The fort was located at the present-day Joseph Baptista Gardens, atop Bhandarwada Hill outside the Dockyard Road railway station.[5]
","['/static/images/icons/wikipedia.png', '/static/images/mobile/copyright/wikipedia-wordmark-en.svg', '/static/images/mobile/copyright/wikipedia-tagline-en.svg']",18°57′56″N 72°50′34″E﻿ / ﻿18.965633°N 72.842703°E﻿ / 18.965633; 72.842703,Fort,,,,,,,8 June 1690,,,,,,,"Mazagaon, Mumbai",32 m (105 ft),,1680,,,,,,,,British,,,,,,,,,,,,,,,,,,,,
Naldurg Fort,https://en.wikipedia.org/wiki/Naldurg_Fort,Naldurg Fort,"Naldurg Fort is a historic fort in Naldurg town of Dharashiv district in Maharashtra state of India.[1] Naldurg Fort is named after Nalraja who built the fort in medieval architectural style. The unique feature of the fort is that it encloses a knoll of basalt rock which juts out into the valley of the small Bori River and a long fortification wall with many bastions.[2][3][4]  The Naldurg fort is one of the important ground forts in the Marathwada region.
","['/static/images/icons/wikipedia.png', '/static/images/mobile/copyright/wikipedia-wordmark-en.svg', '/static/images/mobile/copyright/wikipedia-tagline-en.svg']",17°49′N 76°18′E﻿ / ﻿17.82°N 76.3°E﻿ / 17.82; 76.3,,,Government of India,,Yes,,,,,,,,,,,,,,,,,,,,,,,,,,,,,,,,,,,,,,,,,
Panhala Fort,https://en.wikipedia.org/wiki/Panhala_Fort,Panhala Fort,"Panhala fort (also known as Panhalgad and Panhalla (literally ""the home of serpents"")), is located in Panhala, 20 kilometres northwest of Kolhapur in Maharashtra, India. It is strategically located looking over a pass in the Sahyadri mountain range which was a major trade route from Bijapur in the interior of Maharashtra to the coastal areas.[1] Due to its strategic location, it was the centre of several skirmishes in the Deccan involving the Marathas, the Mughals and the British the grand son's of chhatrapati shivaji maharaj East India Company, the most notable being the Battle of Pavan Khind. Here, the queen regent of Kolhapur, Tarabai Ranisaheb, spent her formative years. Several parts of the fort and the structures within are still intact. It is also called as the 'Fort of Snakes' as it is zigzagged in shape.[2]
","['/static/images/icons/wikipedia.png', '/static/images/mobile/copyright/wikipedia-wordmark-en.svg', '/static/images/mobile/copyright/wikipedia-tagline-en.svg']",16°48′32″N 74°06′33″E﻿ / ﻿16.80889°N 74.10917°E﻿ / 16.80889; 74.10917,Hill fort,"845 m (2,772 ft) ASL",Government of India,"Shilahara, Yadavas, Bijapur, Marathas, Mughals, East India Company",Yes,,"Stone, Lead",,Battle of Pavan Khind,"Bhoja II, Ibrahim Adil Shah I, Shivaji I, Aurangzeb, Tarabai","Sambhaji I, Ramchandra Pant Amatya",1178–1209 (construction)1489–1557 (expansion),"Bhoja II, Ibrahim Adil Shah I",1178–1947,,,,,,,,,,,,,,,,,,,,,,,,,,,,,,,,
Paranda Fort,https://en.wikipedia.org/wiki/Paranda_Fort,Paranda Fort,"Paranda Fort is situated in Paranda, a small town in the Osmanabad district in the state of Maharashtra, India. It is protected monument by the Archaeological Survey Of India.[1] The fort may have been constructed in the 15th century by Mahmud Gawan[2] or by Murtaza Nizam Shah II in the early 1600s.[3] Paranda has great historical value and finde mention in Honnati inscription of Baka 1045 (A.D. 1924) and also later a few of the Kalyan Chalukyan an copper plates. As well as in Yadava epigraphs, as Pallyanda Pratyandaka. The fort is attraction in this Paranda town and is known to have been built by Mahmud Gavan, the Prime Ministar of Muhammad Shah Bahmani 2.
","['/static/images/icons/wikipedia.png', '/static/images/mobile/copyright/wikipedia-wordmark-en.svg', '/static/images/mobile/copyright/wikipedia-tagline-en.svg']",,Hill Fort,,"Archaeological Survey Of India, Government of India",Mahmud Gawan,Yes,Better,"Stone, Lead",,,,,,Unknown,,,,,,,,,,,,,,,,,,,,,,,,,,,,,,,,,
Parola Fort,https://en.wikipedia.org/wiki/Parola_Fort,"Parola, Maharashtra","Parola is a city and a municipal council in Jalgaon district in the Indian state of Maharashtra. It is located on the Hajira (Surat)–Dhule–Kolkata national highway 6. The municipal council was established by the British government before the independence of India. This City is centuries old known for the two main features such as the Shree Balaji Temple and The Parola fort Also known as the native of Rani Laxmibai of Jhansi. City and Fort Build by Jahagirdar Sadashiv Rao Damodar Newalkar the great grandfather in law of Rani Lakshmibai Jhansi.
","['/static/images/icons/wikipedia.png', '/static/images/mobile/copyright/wikipedia-wordmark-en.svg', '/static/images/mobile/copyright/wikipedia-tagline-en.svg']",,,,,,,,,,,,,,,,,261 m (856 ft),,,,,India,,,,,,,,,,,,,Maharashtra,Jalgaon,Municipal Council,"34,800",Marathi,UTC+5:30 (IST),IN-MH,MH 19,maharashtra.gov.in,,,,
Patta Fort,https://en.wikipedia.org/wiki/Patta_Fort,Patta Fort,"Patta Fort, or Patta Killa, also known as Vishramgad ( Marathi: पट्टा किल्ला ), is a fort situated between Nasik and Ahmadnagar in Maharashtra, India. The Indian ruler Shivaji I once visited and rested there. The residents of Patta Killa are known as Pattekar, meaning ""residents of Fort Patta"". Patta Fort stands approximately 1,392 metres (4,567 ft)  above sea level.
","['/static/images/icons/wikipedia.png', '/static/images/mobile/copyright/wikipedia-wordmark-en.svg', '/static/images/mobile/copyright/wikipedia-tagline-en.svg']",19°42′26.2″N 73°50′10.6″E﻿ / ﻿19.707278°N 73.836278°E﻿ / 19.707278; 73.836278,Hill fort,4562 Ft.,Government of India,,Yes,Good condition,Stone,,,,,,,,,,,,,,,,,,,,,,,,,,,,,,,,,,,,,,,
Raigad Fort,https://en.wikipedia.org/wiki/Raigad_Fort,Raigad Fort,"Raigad, situated in the Raigad district of Maharashtra, India, is a hill fort located in the town of Mahad. It is one of the strongest fortresses on the Deccan Plateau and was historically referred to as Rairee or Rairy fort.[1]
","['/static/images/icons/wikipedia.png', '/static/images/mobile/copyright/wikipedia-wordmark-en.svg', '/static/images/mobile/copyright/wikipedia-tagline-en.svg']",18°14′01″N 73°26′26″E﻿ / ﻿18.2335°N 73.4406°E﻿ / 18.2335; 73.4406,Hill fort,"1,356 metres (4,400 ft) ASL","Shirke kingdom (before 1656)
Maratha Kingdom (1656–1689; 1739–1818)
Mughal Empire (1689–1739)
East India Company (1818–1858)
Government of India",,Yes,,"Stone, Lead",,,Chatrapati ShivajiSambhaji,,,,,,,,,,,,,,,,,,,,,,,,,,,,,,,,,Sardar Hiroji Indalkar,,,
Rajgad Fort,https://en.wikipedia.org/wiki/Rajgad_Fort,Rajgad Fort,"Rajgad (literal meaning ruling fort) is a Hill region fort situated in the Pune district of Maharashtra, India. Formerly known as Murumbdev, the fort was the first capital of the Maratha Empire under the rule of Chhatrapati Shivaji for almost 26 years, after which the capital was moved to the Raigad Fort.[1] Treasures discovered from an adjacent fort called Torna were used to completely build and fortify the Rajgad Fort.[citation needed]
","['/static/images/icons/wikipedia.png', '/static/images/mobile/copyright/wikipedia-wordmark-en.svg', '/static/images/mobile/copyright/wikipedia-tagline-en.svg']",18°14′46″N 73°40′56″E﻿ / ﻿18.2459862°N 73.6821929°E﻿ / 18.2459862; 73.6821929,Hill fort,1376 m,"Maratha Empire (1656–1689; 1707–1818)
Mughal Empire (1689–1707)
East India Company (1818–1858)
British Empire (1858–1947)
Government of India (1947–present)",,Yes,,,,,,,,,,,,,,,,,,,,,,,,,,,,,,,,,,,,,,Chhatrapati Shivaji Maharaj,,,
Rangana Fort,https://en.wikipedia.org/wiki/Rangana_Fort,Rangana Fort,"Rangana Fort/ Prasiddhagad (Marathi: रांगणा  किल्ला) is located in the Bhudargad taluka of Kolhapur district. This fort is one of the important forts in the district. This fort is located on the Sahyadri mountain ridge, on the boundary of Sindhudurg and kolhapur district[1]
","['/static/images/icons/wikipedia.png', '/static/images/mobile/copyright/wikipedia-wordmark-en.svg', '/static/images/mobile/copyright/wikipedia-tagline-en.svg']",16°04′39″N 73°51′03″E﻿ / ﻿16.07750°N 73.85083°E﻿ / 16.07750; 73.85083,Hill fort,"2,227 ft (679 m)",Government of India,,Yes,Ruins,Laterite Stone,,,,,,,,,,,,,,,,,,,,Medium,,,,,,,,,,,,,,,,,,,
Ravlya Fort,https://en.wikipedia.org/wiki/Ravlya_Fort,Ravlya Fort,"Ravalya Fort  (Marathi: रवळ्या किल्ला, Hindi: रवल्या किला, transliteration: Ravalya Qilа̄)is located 43 km from Nashik, Nashik district, of Maharashtra. The Ravlya fort and Javlya fort are twin forts located on a single hill plateau. Ravlya on the west and the Javlya on the east side of the hill plateau.
","['/static/images/icons/wikipedia.png', '/static/images/mobile/copyright/wikipedia-wordmark-en.svg', '/static/images/mobile/copyright/wikipedia-tagline-en.svg']",20°22′19.5″N 73°58′14.1″E﻿ / ﻿20.372083°N 73.970583°E﻿ / 20.372083; 73.970583,Hill fort,4369 Ft.,government of India,"Mughal Empire(1636-1670) Maratha Confederacy (1670-1818) United Kingdom
 East India Company (1818-1857)
 British Raj (1859-1947)
 India (1947-)",yes,in ruins,Stone,,,,,,,,,,,,,,,,,,,,,,,,,,,,,,,,,,,,,,,
Riwa Fort,https://en.wikipedia.org/wiki/Riwa_Fort,Riwa Fort,"The Riwa Fort (also  Fort), locally known as Kala Qilla or Black Fort, is a fort in central Mumbai (Bombay), India on the banks of the Mithi River. The fort is currently in a dilapidated condition amidst the Dharavi slums. It was built by the Mughal governor of Bombay, Yakut Khan. It was part of the larger Bombay Castle, and marked the northern portion of Mughal-held Bombay in the 17th century. The castle was also used as a watchtower, guarding the territory against the Portuguese-held Salsette Island. The Riwa Fort was later captured by the Marathas.
","['/static/images/icons/wikipedia.png', '/static/images/mobile/copyright/wikipedia-wordmark-en.svg', '/static/images/mobile/copyright/wikipedia-tagline-en.svg']",,,,,,,,,,,,,,,,,,,,,,,,,,,,,,,,,,,,,,,,,,,,,,,
Sewri Fort,https://en.wikipedia.org/wiki/Sewri_Fort,Sewri Fort,"The Sewri Fort (also spelled Sewree Fort) (Marathi: शिवडी किल्ला) is a fort in Mumbai built by the British at Sewri. Built in 1680, fort served as a watch tower, atop a quarried hill overlooking the Mumbai harbour.[1]
","['/static/images/icons/wikipedia.png', '/static/images/mobile/copyright/wikipedia-wordmark-en.svg', '/static/images/mobile/copyright/wikipedia-tagline-en.svg']",19°00′02″N 72°51′37″E﻿ / ﻿19.000635°N 72.860363°E﻿ / 19.000635; 72.860363,Fort,,"Department of Archaeology and Museums, Government of Maharashtra",,,,,,,,,,,,"Sewree, Mumbai",60 m (197 ft),,1680,,,,,,,,British,,,,,,,,,,,,,,,,,,,,
Shirgaon Fort,https://en.wikipedia.org/wiki/Shirgaon_Fort,Shirgaon Fort,"Shirgaon Fort  / Shirgao Fort (Marathi: शिरगाव  किल्ला) is a fort located 6.5km from Palghar, in Palghar district, of Maharashtra. This fort is in very good condition. The outer walls, steps, parapets, bastions etc. in solid masonry are in excellent order and worth seeing. The fort is located in the Shirgaon village.
","['/static/images/icons/wikipedia.png', '/static/images/mobile/copyright/wikipedia-wordmark-en.svg', '/static/images/mobile/copyright/wikipedia-tagline-en.svg']",19°41′46.2″N 72°42′48.6″E﻿ / ﻿19.696167°N 72.713500°E﻿ / 19.696167; 72.713500,Sea Fort,at MSL,Government of India,"Ahmadnagar (1521-1594) Portugal (1594) Maratha Confederacy (1739-1818) United Kingdom
 East India Company (1818-1857)
 British Raj (1857-1947)
 India (1947-)",Yes,Ruins,Black Basalt Stone,,,,,,,,,,,,,,,,,,,,,,,,,,,,,,,,,,,,,,,
Shrivardhan Fort,https://en.wikipedia.org/wiki/Shrivardhan_Fort,Shrivardhan Fort,"Shrivardhan Fort is one of the two hill forts that constitute the Rajmachi fortification, the other being Manaranjan Fort.[1] It is located in Rajmachi village which 8.5 km from Lonavala in the Sahyadris mountain range. At 900 m(3000 feet) above sea level it was the taller of the two peaks and was named after Shrivardhan Ganpatrao Patwardhan. Other than a rampart there is no visible construction. It was probably used at a watchtower for the Sahyadri region. There are two water tanks at the top of the hill but one of them has an iron pillar in it.[2]
","['/static/images/icons/wikipedia.png', '/static/images/mobile/copyright/wikipedia-wordmark-en.svg', '/static/images/mobile/copyright/wikipedia-tagline-en.svg']",18°49′37.8″N 73°24′00″E﻿ / ﻿18.827167°N 73.40000°E﻿ / 18.827167; 73.40000,Hill fort,3600 Ft.,Government of India,"Maratha Confederacy (1739–1818) United Kingdom
 East India Company (1818–1857)
 British Raj (1857–1947)
 India (1947-)",Yes,Ruins,Stone,,,,,,,,,,,,,,,,,,,,,,,,,,,,,,,,,,,,,,,
Sindhudurg Fort,https://en.wikipedia.org/wiki/Sindhudurg_Fort,Sindhudurg Fort,"Sindhudurg Fort (Marathi pronunciation: [sin̪d̪ʱud̪uɾɡ]) is a historical sea fort located in Arabian Sea near the Konkan region of Maharashtra in Western India.[1] The fort, commissioned by Chhatrapati Shivaji, was constructed between 1664 and 1667.[2] The fort lies off the shore of Malvan taluka of the Sindhudurg District in the Konkan region of Maharashtra, 450 kilometres (280 mi) south of Mumbai.[3] It is a protected monument under the Archaeological Survey of India.[4][5]
","['/static/images/icons/wikipedia.png', '/static/images/mobile/copyright/wikipedia-wordmark-en.svg', '/static/images/mobile/copyright/wikipedia-tagline-en.svg']",16°02′38″N 73°27′41″E﻿ / ﻿16.043769°N 73.461416°E﻿ / 16.043769; 73.461416,Island,,Government of India,Maratha Empire Government of India (1947-present),Yes,,,,,,,1664 (1664),Hiroji Indulkar (Chief Architect),,,,,,,,,,,,,,,,,,,,,,,,,,,,,,,,,
Sion Hillock Fort,https://en.wikipedia.org/wiki/Sion_Hillock_Fort,Sion Hillock Fort,"The Sion Hillock Fort is a fort in Mumbai (Bombay), India. It was built under the regime of the English East India Company, between 1669 and 1677, atop a conical hillock when Gerard Aungier was the Governor of Bombay. It was notified in 1925 as a Grade I Heritage structure.[1] When it was built, the fort marked the boundary between British-held Parel island and the Portuguese held Salsette Island that lay to the north across the creek.[2]
","['/static/images/icons/wikipedia.png', '/static/images/mobile/copyright/wikipedia-wordmark-en.svg', '/static/images/mobile/copyright/wikipedia-tagline-en.svg']",,,,,,,,,,,,,,,,,,,,,,,,,,,,,,,,,,,,,,,,,,,,,,,
Sitabuldi Fort,https://en.wikipedia.org/wiki/Sitabuldi_Fort,Sitabuldi Fort,"Sitabuldi Fort (Marathi: सीताबर्डी किल्ला), site of the Battle of Sitabuldi in 1817, is located atop a hillock in central Nagpur, in the Indian state of Maharashtra. The fort was built by the British after they won this area. Mudhoji II Senasaheb Subha was allowed to continue ruling Nagpur after the British had won the battles of Sitaburdi, Sakkardara, and Nagpur. Richard Jenkins entered into a treaty with Mudhoji on 6 January 1818, which was later ratified by the Governor General. Article 7 of the treaty stated: ""The two hills of Seetabuldee with the bazaars and land adjoining, to a distance to be hereafter specified, shall be henceforth included in the British boundary, and such Military works erected as may be deemed necessary."" By this treaty, the British occupied the Sitaburdi hills and large areas on all four sides. However no major construction work was erected on it for next two years.[1] The area surrounding the hillock, now known as Sitabuldi, is an important commercial hub for Nagpur.[2] To the south is Nagpur Railway Station and behind it is Tekdi Ganapati, a temple of Ganesha.[3] The fort was a home to the Indian Army's 118th infantry battalion (Territorial Army) Grenadiers till 2019.[4][5]
","['/static/images/icons/wikipedia.png', '/static/images/mobile/copyright/wikipedia-wordmark-en.svg', '/static/images/mobile/copyright/wikipedia-tagline-en.svg']",21°8′54″N 79°5′6″E﻿ / ﻿21.14833°N 79.08500°E﻿ / 21.14833; 79.08500,Land fort,,Army of  India,,"26 January, 1 May (Maharashtra Day), and 15 August",,Sandstone & Black Basalt,,Battle of Sitabuldi,,,,British East Company (started construction),,,,,,,,,,,,,,,,,,,,,,,,,,,,,,,Indian Army's 118th infantry battalion,,
Terekhol Fort,https://en.wikipedia.org/wiki/Terekhol_Fort,Fort Tiracol,"Fort Santíssima Trindade[2] (Fortaleza da Santíssima Trindade in Portuguese) also known as Fort Tiracol, is a Portuguese era fort near the village of Tiracol, in the North Goa district of Goa, India. At the mouth of the Terekhol River, the fort can be reached by a ferry from Querim, 42 km (26 mi) north of Panaji.
","['/static/images/icons/wikipedia.png', '/static/images/mobile/copyright/wikipedia-wordmark-en.svg', '/static/images/mobile/copyright/wikipedia-tagline-en.svg']",,Fort and Church,,,Government of Goa,Yes,Restored as a luxury hotel.  Church still in use.,Granite Stones and lime mortar,n/a,4,,Staff and Parishioners,17th century,Raja of Sawantwadi  Viceroy Pedro Miguel de Almeida,,,,,,,,,,,,,,,,,,,,,,,,,,,,,,,none,none,
Torna Fort,https://en.wikipedia.org/wiki/Torna_Fort,Torna Fort,"Torna Fort, also known as Prachandagad, is a large fort located in Pune district, in the Indian state of Maharashtra. It is historically significant because it was the first fort captured by Shivaji I in 1646, at the age of 16. The hill has an elevation of 1,403 metres (4,603 ft) above sea level, making it the highest hill-fort in the district. The name derives from Prachanda (Marathi for huge or massive) and gad (Marathi for fort).[1]
","['/static/images/icons/wikipedia.png', '/static/images/mobile/copyright/wikipedia-wordmark-en.svg', '/static/images/mobile/copyright/wikipedia-tagline-en.svg']",18°16′33.86″N 73°37′21.78″E﻿ / ﻿18.2760722°N 73.6227167°E﻿ / 18.2760722; 73.6227167,,,,,,,,,,,,,,,"Pune district, Maharashtra, India","1,403 m (4,603 ft)",,,,,,,,,,,,तोरणा गड,Marathi,Sahyadri Range,,,,,,,,,,,,,,,,
Tung Fort,https://en.wikipedia.org/wiki/Tung_Fort,Tung Fort,"Tung Fort (Marathi: तुंग किल्ला/कठिणगड) (or Kathingad; difficult fort in Marathi) is a hill fort in Pune District, India.[1]
","['/static/images/icons/wikipedia.png', '/static/images/mobile/copyright/wikipedia-wordmark-en.svg', '/static/images/mobile/copyright/wikipedia-tagline-en.svg']",18°39′37″N 73°27′47″E﻿ / ﻿18.660273°N 73.463142°E﻿ / 18.660273; 73.463142,,,,,,,,,,,,,,,"Maharashtra, India","1,075 m (3,527 ft)",,,,,,,,,,,,Difficult Fort,Marathi,Western Ghats,,,,,,,,,,,,,,,,Hike
Udgir Fort,https://en.wikipedia.org/wiki/Udgir_Fort,Udgir Fort,"Udgir Fort in the Udgir city in Latur district, Maharashtra of India is a fort built in pre-Bahamani age, dating from the twelfth century CE. It is famous for the historic Battle of Udgir of 1760, in which the Marathas, led by Sadashivrao Bhau, defeated the Nizam, and after which the Treaty of Udgir was signed. The fort is named after the Hindu Saint Udaygiri Rishi.[1]
","['/static/images/icons/wikipedia.png', '/static/images/mobile/copyright/wikipedia-wordmark-en.svg', '/static/images/mobile/copyright/wikipedia-tagline-en.svg']",18°24′10″N 77°07′04″E﻿ / ﻿18.4028°N 77.1178°E﻿ / 18.4028; 77.1178,Fort,"2,100 metres (6,900 ft)",Government of Maharashtra,Government of Maharashtra,Yes,Ruins,,,Battle of Udgir (1760),,,12th Century,Bahmani,,,,,,,,,,,,,,,,,,,,,,,,,,,,,,,,Sadashivrao Bhau,
Vairagad Fort,https://en.wikipedia.org/wiki/Vairagad_Fort,Vairagad Fort,"Vairagad is a small fort situated in the Gadchiroli district of Maharashtra, India, at the confluence of rivers Khobragadhi and Satnalas. The small dusty village of same name is adjacent to the fort. The fort is situated 180 km from Nagpur and 80 km from Chandrapur.
","['/static/images/icons/wikipedia.png', '/static/images/mobile/copyright/wikipedia-wordmark-en.svg', '/static/images/mobile/copyright/wikipedia-tagline-en.svg']",20°25′56.8″N 80°05′30.1″E﻿ / ﻿20.432444°N 80.091694°E﻿ / 20.432444; 80.091694,normal fort,0,Government of India,,Yes,Ruins,Laterite Stone,1818,,,,,,,,,,,,,,,,,,,,,,,,,,,,,,,,,,,,,,
Vairatgad Fort,https://en.wikipedia.org/wiki/Vairatgad_Fort,Vairatgad Fort,"Vairatgad fort is a fort situated near to the town of Wai vyajwadi in Maharashtra, India.[1]
","['/static/images/icons/wikipedia.png', '/static/images/mobile/copyright/wikipedia-wordmark-en.svg', '/static/images/mobile/copyright/wikipedia-tagline-en.svg']",17°52′41″N 73°55′04″E﻿ / ﻿17.878073°N 73.917893°E﻿ / 17.878073; 73.917893,,1018m(3340 ft),Government of India,,Yes,,,,,,,,,,,,,,,,,,,,,,,,,,,,,,,,,,,,,,,,,
Vandan Fort,https://en.wikipedia.org/wiki/Vandan_Fort,Vandan Fort,"Vandan Fort (Marathi: वंदन किल्ला) is located in Satara District. This fort is situated on a hilly spur from the main ridge of Sahyadri. This fort is frequently visited by trekkers and pilgrims. The villages at the base are rich in sugarcane and other cultivation. The Chandan and Vandan are adjacent forts. The trek to both the fort can easily be completed in a day.
","['/static/images/icons/wikipedia.png', '/static/images/mobile/copyright/wikipedia-wordmark-en.svg', '/static/images/mobile/copyright/wikipedia-tagline-en.svg']",17°50′20.7″N 74°02′05.3″E﻿ / ﻿17.839083°N 74.034806°E﻿ / 17.839083; 74.034806,,,,,,,,,,,,,,,"Maharashtra, India","3,800 ft (1,200 m)",,,,,,,,,,,,,,Western Ghats,,,,,,,,,,,,,,,,Hike
Vardhangad Fort,https://en.wikipedia.org/wiki/Vardhangad_Fort,Vardhangad Fort,"Vardhangad  Fort {वर्धनगड} (Khatav T; 17° 40' N, 74° 15' E; RS. Koregaon, 9 m. W; p. 1,686) lies on the Bhadle-Kundla spur of the Mahadev range at a point of it on the boundary between the Koregaon and Khatav Talukas, seven miles north-east of Koregaon and nine miles north-east of Satara.[1]
","['/static/images/icons/wikipedia.png', '/static/images/mobile/copyright/wikipedia-wordmark-en.svg', '/static/images/mobile/copyright/wikipedia-tagline-en.svg']",17°43′33″N 74°15′47″E﻿ / ﻿17.7258782°N 74.2631901°E﻿ / 17.7258782; 74.2631901,,457m (1500 ft),Government of India,,Yes,,,,,,,,,,,,,,,,,,,,,,,,,,,,,,,,,,,,,,,,,
Vasai Fort,https://en.wikipedia.org/wiki/Vasai_Fort,Fort Vasai," East India Company (1818-1857)
 British Raj (1857-1947)
","['/static/images/icons/wikipedia.png', '/static/images/mobile/copyright/wikipedia-wordmark-en.svg', '/static/images/mobile/copyright/wikipedia-tagline-en.svg']",19°19′50.4″N 72°48′50.8″E﻿ / ﻿19.330667°N 72.814111°E﻿ / 19.330667; 72.814111,Seaside fort,,Government of India,"Yadava dynasty (-1432) Gujarat Sultanate (1432-1533) Portugal (1534-1739) Maratha Confederacy (1739-1818)
 East India Company (1818-1857)
 British Raj (1857-1947)

 India (1947-) Archaeological Survey Of India",Yes,Ruins,Stone,,Battle of Bassein,,,1184,Yadavas of Devagiri,,,,,,,,,,,,,,,,,,,,,,,,,,,,,,,,,
Bassein Fort,https://en.wikipedia.org/wiki/Bassein_Fort,Fort Vasai," East India Company (1818-1857)
 British Raj (1857-1947)
","['/static/images/icons/wikipedia.png', '/static/images/mobile/copyright/wikipedia-wordmark-en.svg', '/static/images/mobile/copyright/wikipedia-tagline-en.svg']",19°19′50.4″N 72°48′50.8″E﻿ / ﻿19.330667°N 72.814111°E﻿ / 19.330667; 72.814111,Seaside fort,,Government of India,"Yadava dynasty (-1432) Gujarat Sultanate (1432-1533) Portugal (1534-1739) Maratha Confederacy (1739-1818)
 East India Company (1818-1857)
 British Raj (1857-1947)

 India (1947-) Archaeological Survey Of India",Yes,Ruins,Stone,,Battle of Bassein,,,1184,Yadavas of Devagiri,,,,,,,,,,,,,,,,,,,,,,,,,,,,,,,,,
Vasota Fort,https://en.wikipedia.org/wiki/Vasota_Fort,Vasota Fort,"Vasota Fort (also called Vyaghragad (व्याघ्रगड)) is located in Satara district in the Indian state of Maharashtra.[1]
","['/static/images/icons/wikipedia.png', '/static/images/mobile/copyright/wikipedia-wordmark-en.svg', '/static/images/mobile/copyright/wikipedia-tagline-en.svg']",17°39′47.9″N 73°41′48.9″E﻿ / ﻿17.663306°N 73.696917°E﻿ / 17.663306; 73.696917,,3814 feet,Government of India,,Yes,,Stone,,,,,Bhoj Raja of Panhala,,,,,,,,,,,,,,,,,,,,,,,,,,,,,,,,,,
Vijaydurg Fort,https://en.wikipedia.org/wiki/Vijaydurg_Fort,Vijaydurg Fort,"Vijaydurg (sometimes written as Viziadurg), the oldest fort on the Sindhudurg coast, was constructed during the regime of Raja Bhoja II of the Shilahar dynasty (construction period 1193-1205) and restructured by Shivaji.[1][2][3]
","['/static/images/icons/wikipedia.png', '/static/images/mobile/copyright/wikipedia-wordmark-en.svg', '/static/images/mobile/copyright/wikipedia-tagline-en.svg']",16°33′39″N 73°20′00″E﻿ / ﻿16.5607°N 73.3334°E﻿ / 16.5607; 73.3334,Sea fort,,,,Yes,,"Stone, Mortar",,,,,1193 (1193),Bhoja II,,,,,,,,,,,,,,,,,,,,,,,,,,,,,,,,,
Vijaygad Fort,https://en.wikipedia.org/wiki/Vijaygad_Fort,Vijaygad Fort,"Vijaygad Fort  /  (Marathi: विजयगड किल्ला) is a fort located 60 km from Chiplun, in Ratnagiri district, of Maharashtra. This fort is located north of the Jaigad Fort on the northern bank of shastri river creek.
","['/static/images/icons/wikipedia.png', '/static/images/mobile/copyright/wikipedia-wordmark-en.svg', '/static/images/mobile/copyright/wikipedia-tagline-en.svg']",17°18′14.8″N 73°14′26.5″E﻿ / ﻿17.304111°N 73.240694°E﻿ / 17.304111; 73.240694,Sea Fort,MSL.,Government of India,,Yes,Ruins,Laterite Stone,,,,,,,,,,,,,,,,,,,,,,,,,,,,,,,,,,,,,,,
Visapur Fort,https://en.wikipedia.org/wiki/Visapur_Fort,Visapur Fort,"Visapur Fort (also called Visapoor Fort) is a hill fort near Visapur village in Maharashtra, India. It is a part of the Lohagad-Visapur fortification.
","['/static/images/icons/wikipedia.png', '/static/images/mobile/copyright/wikipedia-wordmark-en.svg', '/static/images/mobile/copyright/wikipedia-tagline-en.svg']",18°43′21″N 73°29′24″E﻿ / ﻿18.72250°N 73.49000°E﻿ / 18.72250; 73.49000,Hill fort,"1,084 m (3,556 ft) ASL",Government of India,"Maratha Confederacy (c. 1720-1818) United Kingdom
 East India Company (1818-1857)
 India (1857-1947)
 India (1947-)",Yes,Ruins,Stone,1818,,Balaji Vishwanath,,1713-1720 CE,Balaji Vishwanath,1713-1818,,,,,,,,,,,,,,,,,,,,,,,,,,,,,,,,
Worli Fort,https://en.wikipedia.org/wiki/Worli_Fort,Worli Fort,"The Worli Fort is a fort in Worli, Mumbai, India.[1] Though often incorrectly assumed to have been built by the Portuguese, the fort was built by the British around 1675 on Worli Hill. Worli Fort overlooked Mahim Bay at a  time when the city comprised just seven islands and was used as a lookout for enemy ships. 
","['/static/images/icons/wikipedia.png', '/static/images/mobile/copyright/wikipedia-wordmark-en.svg', '/static/images/mobile/copyright/wikipedia-tagline-en.svg']",19°01′26″N 72°49′00″E﻿ / ﻿19.0238°N 72.8166°E﻿ / 19.0238; 72.8166,,,Government of India,British Raj (1675-1947),Yes,,,,,,,1675 (1675),,,,,,,,,,,,,,,,,,,,,,,,,,,,,,,,,,
Yashwantgad Fort,https://en.wikipedia.org/wiki/Yashwantgad_Fort,Yashwantgad Fort,"Yashwantgad Fort is located in Redi, Maharashtra, near the Maharashtra-Goa border. It is located on a small hill North of Jaitapur creek. It is a tree-entangled ruin that looks out over the beaches of the south Maharashtra coast.
","['/static/images/icons/wikipedia.png', '/static/images/mobile/copyright/wikipedia-wordmark-en.svg', '/static/images/mobile/copyright/wikipedia-tagline-en.svg']",15°45′10.3″N 73°39′55.7″E﻿ / ﻿15.752861°N 73.665472°E﻿ / 15.752861; 73.665472,Sea fort,150 Ft.,India,"Bijapur (-1548) Portugal (1746-1754) Maratha Confederacy (1713-1765) United Kingdom
 East India Company (1765-1857)
 British Raj (1857-1947)
 India (1947-)",Yes,Ruins,Black Basalt Stone,,,,,,,,,,,,,,,,,,,,,,,,,,,,,,,,,,,,,,,
"""Forts""",https://web.archive.org/web/20201031111041/https://www.maharashtratourism.gov.in/treasures/forts,"""Forts""","
            Log in with your MTDC account","['/web/20201031111041im_/https://www.maharashtratourism.gov.in/Includes/images/youtube.png', '/web/20201031111041im_/https://www.maharashtratourism.gov.in/Includes/images/instag.png', '/web/20201031111041im_/https://www.maharashtratourism.gov.in/Includes/images/twitter.png']",,,,,,,,,,,,,,,,,,,,,,,,,,,,,,,,,,,,,,,,,,,,,,,
Forts in Maharashtra,https://en.wikipedia.org/wiki/Category:Forts_in_Maharashtra,Category:Forts in Maharashtra,"Download coordinates as:
","['/static/images/icons/wikipedia.png', '/static/images/mobile/copyright/wikipedia-wordmark-en.svg', '/static/images/mobile/copyright/wikipedia-tagline-en.svg']",,,,,,,,,,,,,,,,,,,,,,,,,,,,,,,,,,,,,,,,,,,,,,,
